<?xml version="1.0" encoding="UTF-8"?>
<project-private xmlns="http://www.netbeans.org/ns/project-private/1">
    <editor-bookmarks xmlns="http://www.netbeans.org/ns/editor-bookmarks/2" lastBookmarkId="0"/>
    <open-files xmlns="http://www.netbeans.org/ns/projectui-open-files/2">
        <group>
            <file>file:/C:/Users/jonny/uib/grado/3r/2nq/aa/practica/Capitulo5/src/capitulo5/Capitulo5.java</file>
            <file>file:/C:/Users/jonny/uib/grado/3r/2nq/aa/practica/Capitulo5/src/model/Model.java</file>
            <file>file:/C:/Users/jonny/uib/grado/3r/2nq/aa/practica/Capitulo5/src/view/View.java</file>
            <file>file:/C:/Users/jonny/uib/grado/3r/2nq/aa/practica/Capitulo5/src/controller/Controller.java</file>
        </group>
    </open-files>
</project-private>
